{"nm":"Loading","ddd":0,"h":512,"w":512,"meta":{"g":"@lottiefiles/toolkit-js 0.33.2"},"layers":[{"ty":0,"nm":"Circles","sr":1,"st":0,"op":150,"ip":0,"hd":false,"ddd":0,"bm":0,"hasMask":false,"ao":0,"ks":{"a":{"a":0,"k":[256,256,0],"ix":1},"s":{"a":0,"k":[100,100,100],"ix":6},"sk":{"a":0,"k":0},"p":{"a":0,"k":[256,256,0],"ix":2},"r":{"a":1,"k":[{"o":{"x":0.25,"y":0},"i":{"x":0.75,"y":1},"s":[0],"t":0},{"s":[1080],"t":150}],"ix":10},"sa":{"a":0,"k":0},"o":{"a":0,"k":100,"ix":11}},"ef":[],"w":512,"h":512,"refId":"comp_0","ind":1}],"v":"5.7.4","fr":25,"op":150,"ip":0,"assets":[{"nm":"","id":"comp_0","layers":[{"ty":4,"nm":"Circle 1","sr":1,"st":0,"op":151,"ip":0,"hd":false,"ddd":0,"bm":0,"hasMask":false,"ao":0,"ks":{"a":{"a":0,"k":[46.611,49.611,0],"ix":1},"s":{"a":1,"k":[{"o":{"x":0.33,"y":0},"i":{"x":0.67,"y":1},"s":[150,150,100],"t":0},{"o":{"x":0.33,"y":0},"i":{"x":0.67,"y":1},"s":[100,100,100],"t":75},{"s":[150,150,100],"t":150}],"ix":6},"sk":{"a":0,"k":0},"p":{"a":1,"k":[{"o":{"x":0.33,"y":0},"i":{"x":0.67,"y":1},"s":[256,256,0],"t":0,"ti":[0,0,0],"to":[-20,0,0]},{"o":{"x":0.33,"y":0},"i":{"x":0.67,"y":1},"s":[136,256,0],"t":75,"ti":[-20,0,0],"to":[0,0,0]},{"s":[256,256,0],"t":150}],"ix":2},"r":{"a":0,"k":0,"ix":10},"sa":{"a":0,"k":0},"o":{"a":1,"k":[{"o":{"x":0.167,"y":0.167},"i":{"x":0.833,"y":0.833},"s":[70],"t":0},{"o":{"x":0.167,"y":0.167},"i":{"x":0.833,"y":0.833},"s":[100],"t":50},{"o":{"x":0.167,"y":0.167},"i":{"x":0.833,"y":0.833},"s":[100],"t":103},{"s":[70],"t":149}],"ix":11}},"ef":[],"shapes":[{"ty":"gr","bm":0,"hd":false,"mn":"ADBE Vector Group","nm":"Ellipse 1","ix":1,"cix":2,"np":2,"it":[{"ty":"el","bm":0,"hd":false,"mn":"ADBE Vector Shape - Ellipse","nm":"Ellipse Path 1","d":1,"p":{"a":0,"k":[0,0],"ix":3},"s":{"a":0,"k":[97.223,97.223],"ix":2}},{"ty":"fl","bm":0,"hd":false,"mn":"ADBE Vector Graphic - Fill","nm":"Fill 1","c":{"a":0,"k":[0.1804,0.0118,0.898],"ix":4},"r":1,"o":{"a":0,"k":100,"ix":5}},{"ty":"tr","a":{"a":0,"k":[0,0],"ix":1},"s":{"a":0,"k":[100,100],"ix":3},"sk":{"a":0,"k":0,"ix":4},"p":{"a":0,"k":[46.611,49.611],"ix":2},"r":{"a":0,"k":0,"ix":6},"sa":{"a":0,"k":0,"ix":5},"o":{"a":0,"k":100,"ix":7}}]}],"ind":1},{"ty":4,"nm":"Circle 2","sr":1,"st":0,"op":151,"ip":0,"hd":false,"ddd":0,"bm":0,"hasMask":false,"ao":0,"ks":{"a":{"a":0,"k":[46.611,49.611,0],"ix":1},"s":{"a":1,"k":[{"o":{"x":0.33,"y":0},"i":{"x":0.67,"y":1},"s":[150,150,100],"t":0},{"o":{"x":0.33,"y":0},"i":{"x":0.67,"y":1},"s":[100,100,100],"t":75},{"s":[150,150,100],"t":150}],"ix":6},"sk":{"a":0,"k":0},"p":{"a":1,"k":[{"o":{"x":0.33,"y":0},"i":{"x":0.67,"y":1},"s":[256,256,0],"t":0,"ti":[0,0,0],"to":[0,20,0]},{"o":{"x":0.33,"y":0},"i":{"x":0.67,"y":1},"s":[256,376,0],"t":75,"ti":[0,20,0],"to":[0,0,0]},{"s":[256,256,0],"t":150}],"ix":2},"r":{"a":0,"k":0,"ix":10},"sa":{"a":0,"k":0},"o":{"a":1,"k":[{"o":{"x":0.167,"y":0.167},"i":{"x":0.833,"y":0.833},"s":[70],"t":0},{"o":{"x":0.167,"y":0.167},"i":{"x":0.833,"y":0.833},"s":[100],"t":50},{"o":{"x":0.167,"y":0.167},"i":{"x":0.833,"y":0.833},"s":[100],"t":103},{"s":[70],"t":149}],"ix":11}},"ef":[],"shapes":[{"ty":"gr","bm":0,"hd":false,"mn":"ADBE Vector Group","nm":"Ellipse 1","ix":1,"cix":2,"np":2,"it":[{"ty":"el","bm":0,"hd":false,"mn":"ADBE Vector Shape - Ellipse","nm":"Ellipse Path 1","d":1,"p":{"a":0,"k":[0,0],"ix":3},"s":{"a":0,"k":[97.223,97.223],"ix":2}},{"ty":"fl","bm":0,"hd":false,"mn":"ADBE Vector Graphic - Fill","nm":"Fill 1","c":{"a":0,"k":[0,0.8667,0.702],"ix":4},"r":1,"o":{"a":0,"k":100,"ix":5}},{"ty":"tr","a":{"a":0,"k":[0,0],"ix":1},"s":{"a":0,"k":[100,100],"ix":3},"sk":{"a":0,"k":0,"ix":4},"p":{"a":0,"k":[46.611,49.611],"ix":2},"r":{"a":0,"k":0,"ix":6},"sa":{"a":0,"k":0,"ix":5},"o":{"a":0,"k":100,"ix":7}}]}],"ind":2},{"ty":4,"nm":"Circle 3","sr":1,"st":0,"op":151,"ip":0,"hd":false,"ddd":0,"bm":0,"hasMask":false,"ao":0,"ks":{"a":{"a":0,"k":[46.611,49.611,0],"ix":1},"s":{"a":1,"k":[{"o":{"x":0.25,"y":0},"i":{"x":0.75,"y":1},"s":[150,150,100],"t":0},{"o":{"x":0.25,"y":0},"i":{"x":0.67,"y":1},"s":[100,100,100],"t":75},{"s":[150,150,100],"t":150}],"ix":6},"sk":{"a":0,"k":0},"p":{"a":1,"k":[{"o":{"x":0.33,"y":0},"i":{"x":0.67,"y":1},"s":[256,256,0],"t":0,"ti":[0,0,0],"to":[20,0,0]},{"o":{"x":0.33,"y":0},"i":{"x":0.67,"y":1},"s":[376,256,0],"t":75,"ti":[20,0,0],"to":[0,0,0]},{"s":[256,256,0],"t":150}],"ix":2},"r":{"a":0,"k":0,"ix":10},"sa":{"a":0,"k":0},"o":{"a":1,"k":[{"o":{"x":0.167,"y":0.167},"i":{"x":0.833,"y":0.833},"s":[70],"t":0},{"o":{"x":0.167,"y":0.167},"i":{"x":0.833,"y":0.833},"s":[100],"t":50},{"o":{"x":0.167,"y":0.167},"i":{"x":0.833,"y":0.833},"s":[100],"t":103},{"s":[70],"t":149}],"ix":11}},"ef":[],"shapes":[{"ty":"gr","bm":0,"hd":false,"mn":"ADBE Vector Group","nm":"Ellipse 1","ix":1,"cix":2,"np":2,"it":[{"ty":"el","bm":0,"hd":false,"mn":"ADBE Vector Shape - Ellipse","nm":"Ellipse Path 1","d":1,"p":{"a":0,"k":[0,0],"ix":3},"s":{"a":0,"k":[97.223,97.223],"ix":2}},{"ty":"fl","bm":0,"hd":false,"mn":"ADBE Vector Graphic - Fill","nm":"Fill 1","c":{"a":0,"k":[0.1804,0.0118,0.898],"ix":4},"r":1,"o":{"a":0,"k":100,"ix":5}},{"ty":"tr","a":{"a":0,"k":[0,0],"ix":1},"s":{"a":0,"k":[100,100],"ix":3},"sk":{"a":0,"k":0,"ix":4},"p":{"a":0,"k":[46.611,49.611],"ix":2},"r":{"a":0,"k":0,"ix":6},"sa":{"a":0,"k":0,"ix":5},"o":{"a":0,"k":100,"ix":7}}]}],"ind":3},{"ty":4,"nm":"Circle 4","sr":1,"st":0,"op":151,"ip":0,"hd":false,"ddd":0,"bm":0,"hasMask":false,"ao":0,"ks":{"a":{"a":0,"k":[46.611,49.611,0],"ix":1},"s":{"a":1,"k":[{"o":{"x":0.33,"y":0},"i":{"x":0.67,"y":1},"s":[150,150,100],"t":0},{"o":{"x":0.33,"y":0},"i":{"x":0.67,"y":1},"s":[100,100,100],"t":75},{"s":[150,150,100],"t":150}],"ix":6},"sk":{"a":0,"k":0},"p":{"a":1,"k":[{"o":{"x":0.33,"y":0},"i":{"x":0.67,"y":1},"s":[256,256,0],"t":0,"ti":[0,0,0],"to":[0,-20,0]},{"o":{"x":0.33,"y":0},"i":{"x":0.67,"y":1},"s":[256,136,0],"t":75,"ti":[0,-20,0],"to":[0,0,0]},{"s":[256,256,0],"t":150}],"ix":2},"r":{"a":0,"k":0,"ix":10},"sa":{"a":0,"k":0},"o":{"a":1,"k":[{"o":{"x":0.167,"y":0.167},"i":{"x":0.833,"y":0.833},"s":[70],"t":0},{"o":{"x":0.167,"y":0.167},"i":{"x":0.833,"y":0.833},"s":[100],"t":50},{"o":{"x":0.167,"y":0.167},"i":{"x":0.833,"y":0.833},"s":[100],"t":103},{"s":[70],"t":149}],"ix":11}},"ef":[],"shapes":[{"ty":"gr","bm":0,"hd":false,"mn":"ADBE Vector Group","nm":"Ellipse 1","ix":1,"cix":2,"np":2,"it":[{"ty":"el","bm":0,"hd":false,"mn":"ADBE Vector Shape - Ellipse","nm":"Ellipse Path 1","d":1,"p":{"a":0,"k":[0,0],"ix":3},"s":{"a":0,"k":[97.223,97.223],"ix":2}},{"ty":"fl","bm":0,"hd":false,"mn":"ADBE Vector Graphic - Fill","nm":"Fill 1","c":{"a":0,"k":[0.1804,0.0118,0.898],"ix":4},"r":1,"o":{"a":0,"k":100,"ix":5}},{"ty":"tr","a":{"a":0,"k":[0,0],"ix":1},"s":{"a":0,"k":[100,100],"ix":3},"sk":{"a":0,"k":0,"ix":4},"p":{"a":0,"k":[46.611,49.611],"ix":2},"r":{"a":0,"k":0,"ix":6},"sa":{"a":0,"k":0,"ix":5},"o":{"a":0,"k":100,"ix":7}}]}],"ind":4}]}]}